argument_id,version1,version2,jaccard_index
0,v1,v2,0.4
0,v1,v3,0.5
0,v1,v4,0.5
0,v1,v5,0.5
0,v2,v3,0.4
0,v2,v4,0.75
0,v2,v5,0.75
0,v3,v4,0.2
0,v3,v5,0.2
0,v4,v5,1.0
1,v1,v2,1.0
1,v1,v3,0.5
1,v1,v4,0.5
1,v1,v5,0.5
1,v2,v3,0.5
1,v2,v4,0.5
1,v2,v5,0.5
1,v3,v4,0.5
1,v3,v5,0.5
1,v4,v5,1.0
2,v1,v2,0.6666666666666666
2,v1,v3,1.0
2,v1,v4,0.75
2,v1,v5,0.4
2,v2,v3,0.6666666666666666
2,v2,v4,0.5
2,v2,v5,0.5
2,v3,v4,0.75
2,v3,v5,0.4
2,v4,v5,0.6
3,v1,v2,0.8
3,v1,v3,0.75
3,v1,v4,0.8
3,v1,v5,0.75
3,v2,v3,0.6
3,v2,v4,1.0
3,v2,v5,0.6
3,v3,v4,0.6
3,v3,v5,1.0
3,v4,v5,0.6
4,v1,v2,1.0
4,v1,v3,0.4
4,v1,v4,0.6
4,v1,v5,0.5
4,v2,v3,0.4
4,v2,v4,0.6
4,v2,v5,0.5
4,v3,v4,0.75
4,v3,v5,0.6666666666666666
4,v4,v5,0.5
5,v1,v2,0.75
5,v1,v3,0.75
5,v1,v4,0.75
5,v1,v5,1.0
5,v2,v3,0.6
5,v2,v4,1.0
5,v2,v5,0.75
5,v3,v4,0.6
5,v3,v5,0.75
5,v4,v5,0.75
6,v1,v2,0.8
6,v1,v3,0.75
6,v1,v4,0.6
6,v1,v5,0.75
6,v2,v3,0.6
6,v2,v4,0.8
6,v2,v5,0.6
6,v3,v4,0.4
6,v3,v5,0.5
6,v4,v5,0.75
7,v1,v2,0.75
7,v1,v3,1.0
7,v1,v4,1.0
7,v1,v5,1.0
7,v2,v3,0.75
7,v2,v4,0.75
7,v2,v5,0.75
7,v3,v4,1.0
7,v3,v5,1.0
7,v4,v5,1.0
8,v1,v2,0.6
8,v1,v3,0.75
8,v1,v4,0.6
8,v1,v5,0.4
8,v2,v3,0.4
8,v2,v4,1.0
8,v2,v5,0.75
8,v3,v4,0.4
8,v3,v5,0.5
8,v4,v5,0.75
9,v1,v2,1.0
9,v1,v3,0.8
9,v1,v4,0.8
9,v1,v5,0.8
9,v2,v3,0.8
9,v2,v4,0.8
9,v2,v5,0.8
9,v3,v4,0.6
9,v3,v5,1.0
9,v4,v5,0.6
10,v1,v2,0.6666666666666666
10,v1,v3,0.5
10,v1,v4,0.3333333333333333
10,v1,v5,0.3333333333333333
10,v2,v3,0.4
10,v2,v4,0.6666666666666666
10,v2,v5,0.6666666666666666
10,v3,v4,0.2
10,v3,v5,0.2
10,v4,v5,1.0
11,v1,v2,0.8
11,v1,v3,0.75
11,v1,v4,0.8
11,v1,v5,0.6
11,v2,v3,0.6
11,v2,v4,1.0
11,v2,v5,0.8
11,v3,v4,0.6
11,v3,v5,0.75
11,v4,v5,0.8
12,v1,v2,0.6
12,v1,v3,0.75
12,v1,v4,0.75
12,v1,v5,0.6
12,v2,v3,0.75
12,v2,v4,0.75
12,v2,v5,1.0
12,v3,v4,1.0
12,v3,v5,0.75
12,v4,v5,0.75
13,v1,v2,0.5
13,v1,v3,0.75
13,v1,v4,0.5
13,v1,v5,0.75
13,v2,v3,0.4
13,v2,v4,0.5
13,v2,v5,0.75
13,v3,v4,0.4
13,v3,v5,0.6
13,v4,v5,0.75
14,v1,v2,0.75
14,v1,v3,0.6
14,v1,v4,0.75
14,v1,v5,0.6
14,v2,v3,0.4
14,v2,v4,0.5
14,v2,v5,0.4
14,v3,v4,0.4
14,v3,v5,1.0
14,v4,v5,0.4
15,v1,v2,1.0
15,v1,v3,0.6
15,v1,v4,1.0
15,v1,v5,0.6
15,v2,v3,0.6
15,v2,v4,1.0
15,v2,v5,0.6
15,v3,v4,0.6
15,v3,v5,1.0
15,v4,v5,0.6
16,v1,v2,0.8
16,v1,v3,0.6
16,v1,v4,0.6
16,v1,v5,0.75
16,v2,v3,0.5
16,v2,v4,0.8
16,v2,v5,0.6
16,v3,v4,0.3333333333333333
16,v3,v5,0.75
16,v4,v5,0.4
17,v1,v2,1.0
17,v1,v3,0.6
17,v1,v4,0.8
17,v1,v5,0.6
17,v2,v3,0.6
17,v2,v4,0.8
17,v2,v5,0.6
17,v3,v4,0.75
17,v3,v5,1.0
17,v4,v5,0.75
18,v1,v2,0.5
18,v1,v3,0.4
18,v1,v4,0.5
18,v1,v5,0.5
18,v2,v3,0.75
18,v2,v4,1.0
18,v2,v5,1.0
18,v3,v4,0.75
18,v3,v5,0.75
18,v4,v5,1.0
19,v1,v2,1.0
19,v1,v3,0.4
19,v1,v4,0.5
19,v1,v5,0.3333333333333333
19,v2,v3,0.4
19,v2,v4,0.5
19,v2,v5,0.3333333333333333
19,v3,v4,0.6666666666666666
19,v3,v5,0.8
19,v4,v5,0.8333333333333334
20,v1,v2,0.6666666666666666
20,v1,v3,0.6666666666666666
20,v1,v4,0.6666666666666666
20,v1,v5,1.0
20,v2,v3,0.5
20,v2,v4,0.5
20,v2,v5,0.6666666666666666
20,v3,v4,0.5
20,v3,v5,0.6666666666666666
20,v4,v5,0.6666666666666666
21,v1,v2,0.75
21,v1,v3,1.0
21,v1,v4,0.5
21,v1,v5,0.4
21,v2,v3,0.75
21,v2,v4,0.75
21,v2,v5,0.6
21,v3,v4,0.5
21,v3,v5,0.4
21,v4,v5,0.4
22,v1,v2,0.6
22,v1,v3,0.75
22,v1,v4,0.8
22,v1,v5,0.8
22,v2,v3,0.75
22,v2,v4,0.8
22,v2,v5,0.8
22,v3,v4,0.6
22,v3,v5,0.6
22,v4,v5,1.0
23,v1,v2,0.75
23,v1,v3,1.0
23,v1,v4,0.5
23,v1,v5,1.0
23,v2,v3,0.75
23,v2,v4,0.75
23,v2,v5,0.75
23,v3,v4,0.5
23,v3,v5,1.0
23,v4,v5,0.5
24,v1,v2,1.0
24,v1,v3,0.6
24,v1,v4,0.75
24,v1,v5,0.75
24,v2,v3,0.6
24,v2,v4,0.75
24,v2,v5,0.75
24,v3,v4,0.4
24,v3,v5,0.75
24,v4,v5,0.5
25,v1,v2,0.6
25,v1,v3,0.6
25,v1,v4,0.4
25,v1,v5,0.6
25,v2,v3,1.0
25,v2,v4,0.75
25,v2,v5,1.0
25,v3,v4,0.75
25,v3,v5,1.0
25,v4,v5,0.75
26,v1,v2,0.75
26,v1,v3,1.0
26,v1,v4,1.0
26,v1,v5,1.0
26,v2,v3,0.75
26,v2,v4,0.75
26,v2,v5,0.75
26,v3,v4,1.0
26,v3,v5,1.0
26,v4,v5,1.0
27,v1,v2,1.0
27,v1,v3,0.6
27,v1,v4,0.8
27,v1,v5,0.8
27,v2,v3,0.6
27,v2,v4,0.8
27,v2,v5,0.8
27,v3,v4,0.75
27,v3,v5,0.75
27,v4,v5,1.0
28,v1,v2,0.8
28,v1,v3,0.8
28,v1,v4,0.8
28,v1,v5,0.6
28,v2,v3,0.6
28,v2,v4,0.6
28,v2,v5,0.4
28,v3,v4,0.6
28,v3,v5,0.75
28,v4,v5,0.75
29,v1,v2,0.6666666666666666
29,v1,v3,0.5
29,v1,v4,0.6666666666666666
29,v1,v5,0.6666666666666666
29,v2,v3,0.6666666666666666
29,v2,v4,1.0
29,v2,v5,1.0
29,v3,v4,0.6666666666666666
29,v3,v5,0.6666666666666666
29,v4,v5,1.0
30,v1,v2,0.8
30,v1,v3,0.6
30,v1,v4,1.0
30,v1,v5,0.75
30,v2,v3,0.8
30,v2,v4,0.8
30,v2,v5,0.6
30,v3,v4,0.6
30,v3,v5,0.75
30,v4,v5,0.75
31,v1,v2,0.8
31,v1,v3,0.8
31,v1,v4,1.0
31,v1,v5,0.8
31,v2,v3,1.0
31,v2,v4,0.8
31,v2,v5,1.0
31,v3,v4,0.8
31,v3,v5,1.0
31,v4,v5,0.8
32,v1,v2,0.8
32,v1,v3,0.6
32,v1,v4,0.6
32,v1,v5,0.6
32,v2,v3,0.8
32,v2,v4,0.8
32,v2,v5,0.8
32,v3,v4,0.6
32,v3,v5,1.0
32,v4,v5,0.6
33,v1,v2,0.5
33,v1,v3,0.6666666666666666
33,v1,v4,0.3333333333333333
33,v1,v5,0.5
33,v2,v3,0.4
33,v2,v4,0.2
33,v2,v5,0.6
33,v3,v4,0.6666666666666666
33,v3,v5,0.75
33,v4,v5,0.5
34,v1,v2,0.75
34,v1,v3,1.0
34,v1,v4,0.75
34,v1,v5,0.75
34,v2,v3,0.75
34,v2,v4,1.0
34,v2,v5,1.0
34,v3,v4,0.75
34,v3,v5,0.75
34,v4,v5,1.0
35,v1,v2,0.75
35,v1,v3,0.6
35,v1,v4,0.75
35,v1,v5,0.4
35,v2,v3,0.75
35,v2,v4,0.5
35,v2,v5,0.5
35,v3,v4,0.4
35,v3,v5,0.75
35,v4,v5,0.5
36,v1,v2,1.0
36,v1,v3,0.2
36,v1,v4,0.4
36,v1,v5,0.75
36,v2,v3,0.2
36,v2,v4,0.4
36,v2,v5,0.75
36,v3,v4,0.6666666666666666
36,v3,v5,0.25
36,v4,v5,0.5
37,v1,v2,0.6666666666666666
37,v1,v3,0.6666666666666666
37,v1,v4,1.0
37,v1,v5,0.6666666666666666
37,v2,v3,0.5
37,v2,v4,0.6666666666666666
37,v2,v5,0.5
37,v3,v4,0.6666666666666666
37,v3,v5,0.5
37,v4,v5,0.6666666666666666
38,v1,v2,0.8333333333333334
38,v1,v3,0.8
38,v1,v4,0.8
38,v1,v5,0.8
38,v2,v3,0.6666666666666666
38,v2,v4,0.6666666666666666
38,v2,v5,0.6666666666666666
38,v3,v4,0.6
38,v3,v5,1.0
38,v4,v5,0.6
39,v1,v2,0.75
39,v1,v3,0.75
39,v1,v4,0.75
39,v1,v5,0.75
39,v2,v3,1.0
39,v2,v4,1.0
39,v2,v5,0.5
39,v3,v4,1.0
39,v3,v5,0.5
39,v4,v5,0.5
40,v1,v2,0.75
40,v1,v3,0.75
40,v1,v4,0.75
40,v1,v5,0.75
40,v2,v3,0.5
40,v2,v4,1.0
40,v2,v5,1.0
40,v3,v4,0.5
40,v3,v5,0.5
40,v4,v5,1.0
41,v1,v2,0.6
41,v1,v3,1.0
41,v1,v4,0.75
41,v1,v5,1.0
41,v2,v3,0.6
41,v2,v4,0.8
41,v2,v5,0.6
41,v3,v4,0.75
41,v3,v5,1.0
41,v4,v5,0.75
42,v1,v2,0.75
42,v1,v3,1.0
42,v1,v4,0.5
42,v1,v5,0.75
42,v2,v3,0.75
42,v2,v4,0.6666666666666666
42,v2,v5,0.5
42,v3,v4,0.5
42,v3,v5,0.75
42,v4,v5,0.6666666666666666
43,v1,v2,0.6
43,v1,v3,0.4
43,v1,v4,0.75
43,v1,v5,0.4
43,v2,v3,0.75
43,v2,v4,0.4
43,v2,v5,0.75
43,v3,v4,0.5
43,v3,v5,1.0
43,v4,v5,0.5
44,v1,v2,0.75
44,v1,v3,0.5
44,v1,v4,0.75
44,v1,v5,0.75
44,v2,v3,0.6666666666666666
44,v2,v4,0.5
44,v2,v5,1.0
44,v3,v4,0.6666666666666666
44,v3,v5,0.6666666666666666
44,v4,v5,0.5
45,v1,v2,0.5
45,v1,v3,0.6
45,v1,v4,0.6666666666666666
45,v1,v5,0.5
45,v2,v3,0.16666666666666666
45,v2,v4,0.8
45,v2,v5,0.6
45,v3,v4,0.3333333333333333
45,v3,v5,0.4
45,v4,v5,0.8
46,v1,v2,1.0
46,v1,v3,0.6666666666666666
46,v1,v4,0.6666666666666666
46,v1,v5,0.6666666666666666
46,v2,v3,0.6666666666666666
46,v2,v4,0.6666666666666666
46,v2,v5,0.6666666666666666
46,v3,v4,1.0
46,v3,v5,1.0
46,v4,v5,1.0
47,v1,v2,0.75
47,v1,v3,0.25
47,v1,v4,0.75
47,v1,v5,0.4
47,v2,v3,0.2
47,v2,v4,1.0
47,v2,v5,0.6
47,v3,v4,0.2
47,v3,v5,0.5
47,v4,v5,0.6
48,v1,v2,0.75
48,v1,v3,0.5
48,v1,v4,0.75
48,v1,v5,0.6666666666666666
48,v2,v3,0.4
48,v2,v4,0.6
48,v2,v5,0.5
48,v3,v4,0.75
48,v3,v5,0.6666666666666666
48,v4,v5,0.5
49,v1,v2,0.4
49,v1,v3,0.2
49,v1,v4,0.4
49,v1,v5,0.3333333333333333
49,v2,v3,0.25
49,v2,v4,1.0
49,v2,v5,0.4
49,v3,v4,0.25
49,v3,v5,0.5
49,v4,v5,0.4
50,v1,v2,0.8
50,v1,v3,0.8
50,v1,v4,1.0
50,v1,v5,0.8
50,v2,v3,0.6
50,v2,v4,0.8
50,v2,v5,0.6
50,v3,v4,0.8
50,v3,v5,1.0
50,v4,v5,0.8
51,v1,v2,1.0
51,v1,v3,0.8
51,v1,v4,0.6
51,v1,v5,0.6
51,v2,v3,0.8
51,v2,v4,0.6
51,v2,v5,0.6
51,v3,v4,0.75
51,v3,v5,0.75
51,v4,v5,1.0
52,v1,v2,0.6666666666666666
52,v1,v3,0.5
52,v1,v4,0.5
52,v1,v5,0.5
52,v2,v3,0.6666666666666666
52,v2,v4,0.6666666666666666
52,v2,v5,0.6666666666666666
52,v3,v4,0.5
52,v3,v5,0.5
52,v4,v5,1.0
53,v1,v2,1.0
53,v1,v3,0.6
53,v1,v4,0.75
53,v1,v5,0.75
53,v2,v3,0.6
53,v2,v4,0.75
53,v2,v5,0.75
53,v3,v4,0.4
53,v3,v5,0.75
53,v4,v5,0.5
54,v1,v2,0.5
54,v1,v3,1.0
54,v1,v4,0.2
54,v1,v5,0.4
54,v2,v3,0.5
54,v2,v4,0.5
54,v2,v5,0.4
54,v3,v4,0.2
54,v3,v5,0.4
54,v4,v5,0.75
55,v1,v2,0.6
55,v1,v3,0.2
55,v1,v4,0.75
55,v1,v5,0.4
55,v2,v3,0.6
55,v2,v4,0.8
55,v2,v5,0.8
55,v3,v4,0.4
55,v3,v5,0.75
55,v4,v5,0.6
56,v1,v2,0.3333333333333333
56,v1,v3,0.75
56,v1,v4,0.3333333333333333
56,v1,v5,0.8
56,v2,v3,0.4
56,v2,v4,1.0
56,v2,v5,0.5
56,v3,v4,0.4
56,v3,v5,0.6
56,v4,v5,0.5
57,v1,v2,1.0
57,v1,v3,0.75
57,v1,v4,0.75
57,v1,v5,1.0
57,v2,v3,0.75
57,v2,v4,0.75
57,v2,v5,1.0
57,v3,v4,0.5
57,v3,v5,0.75
57,v4,v5,0.75
58,v1,v2,0.6
58,v1,v3,0.75
58,v1,v4,0.5
58,v1,v5,0.5
58,v2,v3,0.75
58,v2,v4,0.8
58,v2,v5,0.8
58,v3,v4,0.6
58,v3,v5,0.6
58,v4,v5,1.0
59,v1,v2,1.0
59,v1,v3,1.0
59,v1,v4,1.0
59,v1,v5,1.0
59,v2,v3,1.0
59,v2,v4,1.0
59,v2,v5,1.0
59,v3,v4,1.0
59,v3,v5,1.0
59,v4,v5,1.0
60,v1,v2,0.8
60,v1,v3,0.4
60,v1,v4,0.75
60,v1,v5,0.6
60,v2,v3,0.3333333333333333
60,v2,v4,0.6
60,v2,v5,0.8
60,v3,v4,0.5
60,v3,v5,0.4
60,v4,v5,0.75
61,v1,v2,0.8
61,v1,v3,0.4
61,v1,v4,0.8
61,v1,v5,0.5
61,v2,v3,0.3333333333333333
61,v2,v4,0.6666666666666666
61,v2,v5,0.6666666666666666
61,v3,v4,0.6
61,v3,v5,0.6
61,v4,v5,0.6666666666666666
62,v1,v2,0.4
62,v1,v3,0.6
62,v1,v4,0.4
62,v1,v5,0.6
62,v2,v3,0.75
62,v2,v4,0.5
62,v2,v5,0.75
62,v3,v4,0.75
62,v3,v5,1.0
62,v4,v5,0.75
63,v1,v2,0.75
63,v1,v3,0.6666666666666666
63,v1,v4,0.6
63,v1,v5,0.4
63,v2,v3,0.5
63,v2,v4,0.8
63,v2,v5,0.6
63,v3,v4,0.4
63,v3,v5,0.5
63,v4,v5,0.8
64,v1,v2,0.8
64,v1,v3,0.6
64,v1,v4,0.6
64,v1,v5,0.8
64,v2,v3,0.75
64,v2,v4,0.75
64,v2,v5,1.0
64,v3,v4,0.5
64,v3,v5,0.75
64,v4,v5,0.75
65,v1,v2,0.6
65,v1,v3,0.75
65,v1,v4,1.0
65,v1,v5,0.75
65,v2,v3,0.4
65,v2,v4,0.6
65,v2,v5,0.4
65,v3,v4,0.75
65,v3,v5,1.0
65,v4,v5,0.75
66,v1,v2,0.75
66,v1,v3,0.6666666666666666
66,v1,v4,0.5
66,v1,v5,0.5
66,v2,v3,0.5
66,v2,v4,0.75
66,v2,v5,0.75
66,v3,v4,0.6666666666666666
66,v3,v5,0.6666666666666666
66,v4,v5,1.0
67,v1,v2,0.6666666666666666
67,v1,v3,0.6
67,v1,v4,0.4
67,v1,v5,0.6
67,v2,v3,0.6
67,v2,v4,0.4
67,v2,v5,0.6
67,v3,v4,0.6666666666666666
67,v3,v5,0.5
67,v4,v5,0.6666666666666666
68,v1,v2,0.75
68,v1,v3,0.4
68,v1,v4,1.0
68,v1,v5,0.25
68,v2,v3,0.6
68,v2,v4,0.75
68,v2,v5,0.2
68,v3,v4,0.4
68,v3,v5,0.5
68,v4,v5,0.25
69,v1,v2,0.6
69,v1,v3,0.6666666666666666
69,v1,v4,0.5
69,v1,v5,0.75
69,v2,v3,0.4
69,v2,v4,0.6
69,v2,v5,0.8
69,v3,v4,0.25
69,v3,v5,0.5
69,v4,v5,0.75
70,v1,v2,0.8
70,v1,v3,0.6
70,v1,v4,1.0
70,v1,v5,0.6
70,v2,v3,0.8
70,v2,v4,0.8
70,v2,v5,0.8
70,v3,v4,0.6
70,v3,v5,1.0
70,v4,v5,0.6
71,v1,v2,1.0
71,v1,v3,0.5
71,v1,v4,1.0
71,v1,v5,1.0
71,v2,v3,0.5
71,v2,v4,1.0
71,v2,v5,1.0
71,v3,v4,0.5
71,v3,v5,0.5
71,v4,v5,1.0
72,v1,v2,0.75
72,v1,v3,0.5
72,v1,v4,0.75
72,v1,v5,0.6666666666666666
72,v2,v3,0.4
72,v2,v4,0.6
72,v2,v5,0.5
72,v3,v4,0.75
72,v3,v5,0.6666666666666666
72,v4,v5,0.5
73,v1,v2,0.75
73,v1,v3,1.0
73,v1,v4,0.4
73,v1,v5,0.6
73,v2,v3,0.75
73,v2,v4,0.6
73,v2,v5,0.8
73,v3,v4,0.4
73,v3,v5,0.6
73,v4,v5,0.8
74,v1,v2,1.0
74,v1,v3,0.75
74,v1,v4,0.75
74,v1,v5,1.0
74,v2,v3,0.75
74,v2,v4,0.75
74,v2,v5,1.0
74,v3,v4,1.0
74,v3,v5,0.75
74,v4,v5,0.75
75,v1,v2,1.0
75,v1,v3,0.75
75,v1,v4,0.75
75,v1,v5,0.75
75,v2,v3,0.75
75,v2,v4,0.75
75,v2,v5,0.75
75,v3,v4,0.5
75,v3,v5,0.5
75,v4,v5,1.0
76,v1,v2,0.8
76,v1,v3,1.0
76,v1,v4,0.6
76,v1,v5,0.6
76,v2,v3,0.8
76,v2,v4,0.8
76,v2,v5,0.8
76,v3,v4,0.6
76,v3,v5,0.6
76,v4,v5,0.6
77,v1,v2,0.6
77,v1,v3,0.5
77,v1,v4,0.4
77,v1,v5,0.2
77,v2,v3,0.3333333333333333
77,v2,v4,0.5
77,v2,v5,0.3333333333333333
77,v3,v4,0.75
77,v3,v5,0.5
77,v4,v5,0.75
78,v1,v2,0.8
78,v1,v3,0.8
78,v1,v4,0.8
78,v1,v5,0.6
78,v2,v3,0.6
78,v2,v4,1.0
78,v2,v5,0.75
78,v3,v4,0.6
78,v3,v5,0.75
78,v4,v5,0.75
79,v1,v2,1.0
79,v1,v3,0.6666666666666666
79,v1,v4,0.6
79,v1,v5,0.6666666666666666
79,v2,v3,0.6666666666666666
79,v2,v4,0.6
79,v2,v5,0.6666666666666666
79,v3,v4,0.4
79,v3,v5,1.0
79,v4,v5,0.4
80,v1,v2,1.0
80,v1,v3,0.8
80,v1,v4,0.8
80,v1,v5,0.8
80,v2,v3,0.8
80,v2,v4,0.8
80,v2,v5,0.8
80,v3,v4,0.6
80,v3,v5,1.0
80,v4,v5,0.6
81,v1,v2,0.4
81,v1,v3,0.75
81,v1,v4,0.75
81,v1,v5,1.0
81,v2,v3,0.6
81,v2,v4,0.6
81,v2,v5,0.4
81,v3,v4,0.6
81,v3,v5,0.75
81,v4,v5,0.75
82,v1,v2,0.75
82,v1,v3,0.6666666666666666
82,v1,v4,0.75
82,v1,v5,0.75
82,v2,v3,0.5
82,v2,v4,1.0
82,v2,v5,1.0
82,v3,v4,0.5
82,v3,v5,0.5
82,v4,v5,1.0
83,v1,v2,0.75
83,v1,v3,0.75
83,v1,v4,0.5
83,v1,v5,0.5
83,v2,v3,0.6
83,v2,v4,0.4
83,v2,v5,0.4
83,v3,v4,0.75
83,v3,v5,0.75
83,v4,v5,1.0
84,v1,v2,0.3333333333333333
84,v1,v3,0.6
84,v1,v4,0.5
84,v1,v5,0.3333333333333333
84,v2,v3,0.5
84,v2,v4,0.75
84,v2,v5,1.0
84,v3,v4,0.75
84,v3,v5,0.5
84,v4,v5,0.75
85,v1,v2,0.6
85,v1,v3,0.8
85,v1,v4,0.8
85,v1,v5,0.8
85,v2,v3,0.4
85,v2,v4,0.75
85,v2,v5,0.4
85,v3,v4,0.6
85,v3,v5,1.0
85,v4,v5,0.6
86,v1,v2,0.8
86,v1,v3,0.75
86,v1,v4,1.0
86,v1,v5,1.0
86,v2,v3,0.6
86,v2,v4,0.8
86,v2,v5,0.8
86,v3,v4,0.75
86,v3,v5,0.75
86,v4,v5,1.0
87,v1,v2,0.8
87,v1,v3,0.6
87,v1,v4,0.8
87,v1,v5,0.8
87,v2,v3,0.75
87,v2,v4,0.6
87,v2,v5,0.6
87,v3,v4,0.4
87,v3,v5,0.75
87,v4,v5,0.6
88,v1,v2,0.6666666666666666
88,v1,v3,0.75
88,v1,v4,0.5
88,v1,v5,0.75
88,v2,v3,0.5
88,v2,v4,0.6666666666666666
88,v2,v5,0.5
88,v3,v4,0.75
88,v3,v5,0.6
88,v4,v5,0.4
89,v1,v2,1.0
89,v1,v3,0.8
89,v1,v4,0.8
89,v1,v5,0.6666666666666666
89,v2,v3,0.8
89,v2,v4,0.8
89,v2,v5,0.6666666666666666
89,v3,v4,1.0
89,v3,v5,0.8
89,v4,v5,0.8
90,v1,v2,0.8333333333333334
90,v1,v3,0.8
90,v1,v4,1.0
90,v1,v5,0.6666666666666666
90,v2,v3,0.6666666666666666
90,v2,v4,0.8333333333333334
90,v2,v5,0.8333333333333334
90,v3,v4,0.8
90,v3,v5,0.8
90,v4,v5,0.6666666666666666
91,v1,v2,0.6
91,v1,v3,0.6
91,v1,v4,1.0
91,v1,v5,0.75
91,v2,v3,1.0
91,v2,v4,0.6
91,v2,v5,0.75
91,v3,v4,0.6
91,v3,v5,0.75
91,v4,v5,0.75
92,v1,v2,0.4
92,v1,v3,0.5
92,v1,v4,0.75
92,v1,v5,0.75
92,v2,v3,0.25
92,v2,v4,0.5
92,v2,v5,0.2
92,v3,v4,0.25
92,v3,v5,0.6666666666666666
92,v4,v5,0.5
93,v1,v2,0.6
93,v1,v3,0.8
93,v1,v4,0.6
93,v1,v5,0.4
93,v2,v3,0.75
93,v2,v4,0.5
93,v2,v5,0.6666666666666666
93,v3,v4,0.75
93,v3,v5,0.5
93,v4,v5,0.6666666666666666
94,v1,v2,0.8
94,v1,v3,0.6
94,v1,v4,0.8
94,v1,v5,0.6
94,v2,v3,0.8
94,v2,v4,1.0
94,v2,v5,0.8
94,v3,v4,0.8
94,v3,v5,1.0
94,v4,v5,0.8
95,v1,v2,0.8
95,v1,v3,0.6
95,v1,v4,0.6
95,v1,v5,0.3333333333333333
95,v2,v3,0.8
95,v2,v4,0.8
95,v2,v5,0.5
95,v3,v4,0.6
95,v3,v5,0.6
95,v4,v5,0.6
96,v1,v2,0.6666666666666666
96,v1,v3,0.5
96,v1,v4,1.0
96,v1,v5,0.6666666666666666
96,v2,v3,0.6666666666666666
96,v2,v4,0.6666666666666666
96,v2,v5,1.0
96,v3,v4,0.5
96,v3,v5,0.6666666666666666
96,v4,v5,0.6666666666666666
97,v1,v2,0.6
97,v1,v3,0.5
97,v1,v4,0.75
97,v1,v5,0.6
97,v2,v3,0.5
97,v2,v4,0.75
97,v2,v5,1.0
97,v3,v4,0.6666666666666666
97,v3,v5,0.5
97,v4,v5,0.75
98,v1,v2,0.8
98,v1,v3,0.8
98,v1,v4,0.8
98,v1,v5,0.8
98,v2,v3,1.0
98,v2,v4,1.0
98,v2,v5,1.0
98,v3,v4,1.0
98,v3,v5,1.0
98,v4,v5,1.0
99,v1,v2,0.75
99,v1,v3,0.6666666666666666
99,v1,v4,0.75
99,v1,v5,1.0
99,v2,v3,0.5
99,v2,v4,0.6
99,v2,v5,0.75
99,v3,v4,0.5
99,v3,v5,0.6666666666666666
99,v4,v5,0.75
100,v1,v2,0.8333333333333334
100,v1,v3,0.8
100,v1,v4,0.8333333333333334
100,v1,v5,0.6666666666666666
100,v2,v3,0.6666666666666666
100,v2,v4,1.0
100,v2,v5,0.8333333333333334
100,v3,v4,0.6666666666666666
100,v3,v5,0.8
100,v4,v5,0.8333333333333334
101,v1,v2,0.6666666666666666
101,v1,v3,0.75
101,v1,v4,0.8
101,v1,v5,0.6
101,v2,v3,0.5
101,v2,v4,0.8333333333333334
101,v2,v5,0.6666666666666666
101,v3,v4,0.6
101,v3,v5,0.75
101,v4,v5,0.8
102,v1,v2,0.8
102,v1,v3,0.8
102,v1,v4,0.6
102,v1,v5,0.6
102,v2,v3,0.6
102,v2,v4,0.75
102,v2,v5,0.75
102,v3,v4,0.75
102,v3,v5,0.75
102,v4,v5,1.0
103,v1,v2,0.8
103,v1,v3,0.75
103,v1,v4,1.0
103,v1,v5,0.8
103,v2,v3,0.6
103,v2,v4,0.8
103,v2,v5,1.0
103,v3,v4,0.75
103,v3,v5,0.6
103,v4,v5,0.8
104,v1,v2,0.75
104,v1,v3,0.5
104,v1,v4,0.5
104,v1,v5,0.3333333333333333
104,v2,v3,0.6666666666666666
104,v2,v4,0.6666666666666666
104,v2,v5,0.4
104,v3,v4,1.0
104,v3,v5,0.5
104,v4,v5,0.5
105,v1,v2,0.75
105,v1,v3,0.75
105,v1,v4,0.6666666666666666
105,v1,v5,0.75
105,v2,v3,0.6
105,v2,v4,0.5
105,v2,v5,0.6
105,v3,v4,0.5
105,v3,v5,0.6
105,v4,v5,0.5
106,v1,v2,1.0
106,v1,v3,0.6666666666666666
106,v1,v4,1.0
106,v1,v5,1.0
106,v2,v3,0.6666666666666666
106,v2,v4,1.0
106,v2,v5,1.0
106,v3,v4,0.6666666666666666
106,v3,v5,0.6666666666666666
106,v4,v5,1.0
107,v1,v2,0.6
107,v1,v3,0.4
107,v1,v4,1.0
107,v1,v5,0.6
107,v2,v3,0.6666666666666666
107,v2,v4,0.6
107,v2,v5,0.5
107,v3,v4,0.4
107,v3,v5,0.6666666666666666
107,v4,v5,0.6
108,v1,v2,0.8
108,v1,v3,0.75
108,v1,v4,1.0
108,v1,v5,0.75
108,v2,v3,0.6
108,v2,v4,0.8
108,v2,v5,0.6
108,v3,v4,0.75
108,v3,v5,1.0
108,v4,v5,0.75
109,v1,v2,0.8
109,v1,v3,0.6
109,v1,v4,0.8
109,v1,v5,0.6666666666666666
109,v2,v3,0.75
109,v2,v4,1.0
109,v2,v5,0.8
109,v3,v4,0.75
109,v3,v5,0.6
109,v4,v5,0.8
110,v1,v2,0.6666666666666666
110,v1,v3,0.75
110,v1,v4,0.3333333333333333
110,v1,v5,0.4
110,v2,v3,0.5
110,v2,v4,0.6666666666666666
110,v2,v5,0.5
110,v3,v4,0.4
110,v3,v5,0.2
110,v4,v5,0.4
111,v1,v2,0.6666666666666666
111,v1,v3,0.5
111,v1,v4,0.25
111,v1,v5,0.6666666666666666
111,v2,v3,0.75
111,v2,v4,0.5
111,v2,v5,1.0
111,v3,v4,0.75
111,v3,v5,0.75
111,v4,v5,0.5
112,v1,v2,0.75
112,v1,v3,1.0
112,v1,v4,0.25
112,v1,v5,0.75
112,v2,v3,0.75
112,v2,v4,0.5
112,v2,v5,0.6
112,v3,v4,0.25
112,v3,v5,0.75
112,v4,v5,0.2
113,v1,v2,0.75
113,v1,v3,0.4
113,v1,v4,0.75
113,v1,v5,0.75
113,v2,v3,0.5
113,v2,v4,1.0
113,v2,v5,1.0
113,v3,v4,0.5
113,v3,v5,0.5
113,v4,v5,1.0
114,v1,v2,0.5
114,v1,v3,0.6
114,v1,v4,0.6
114,v1,v5,0.6
114,v2,v3,0.5
114,v2,v4,0.5
114,v2,v5,0.5
114,v3,v4,1.0
114,v3,v5,1.0
114,v4,v5,1.0
115,v1,v2,0.3333333333333333
115,v1,v3,1.0
115,v1,v4,1.0
115,v1,v5,1.0
115,v2,v3,0.3333333333333333
115,v2,v4,0.3333333333333333
115,v2,v5,0.3333333333333333
115,v3,v4,1.0
115,v3,v5,1.0
115,v4,v5,1.0
116,v1,v2,0.5
116,v1,v3,1.0
116,v1,v4,0.5
116,v1,v5,0.75
116,v2,v3,0.5
116,v2,v4,1.0
116,v2,v5,0.75
116,v3,v4,0.5
116,v3,v5,0.75
116,v4,v5,0.75
117,v1,v2,0.5
117,v1,v3,0.75
117,v1,v4,1.0
117,v1,v5,0.6666666666666666
117,v2,v3,0.4
117,v2,v4,0.5
117,v2,v5,0.6666666666666666
117,v3,v4,0.75
117,v3,v5,0.5
117,v4,v5,0.6666666666666666
118,v1,v2,0.8
118,v1,v3,0.75
118,v1,v4,0.6
118,v1,v5,0.75
118,v2,v3,0.6
118,v2,v4,0.8
118,v2,v5,0.6
118,v3,v4,0.75
118,v3,v5,1.0
118,v4,v5,0.75
119,v1,v2,0.8
119,v1,v3,0.6
119,v1,v4,1.0
119,v1,v5,0.75
119,v2,v3,0.8
119,v2,v4,0.8
119,v2,v5,0.6
119,v3,v4,0.6
119,v3,v5,0.75
119,v4,v5,0.75
120,v1,v2,0.75
120,v1,v3,1.0
120,v1,v4,0.75
120,v1,v5,0.5
120,v2,v3,0.75
120,v2,v4,1.0
120,v2,v5,0.75
120,v3,v4,0.75
120,v3,v5,0.5
120,v4,v5,0.75
121,v1,v2,1.0
121,v1,v3,1.0
121,v1,v4,1.0
121,v1,v5,0.75
121,v2,v3,1.0
121,v2,v4,1.0
121,v2,v5,0.75
121,v3,v4,1.0
121,v3,v5,0.75
121,v4,v5,0.75
122,v1,v2,0.8
122,v1,v3,0.75
122,v1,v4,0.3333333333333333
122,v1,v5,0.4
122,v2,v3,0.6
122,v2,v4,0.5
122,v2,v5,0.3333333333333333
122,v3,v4,0.4
122,v3,v5,0.5
122,v4,v5,0.4
123,v1,v2,0.5
123,v1,v3,0.5
123,v1,v4,0.5
123,v1,v5,0.5
123,v2,v3,1.0
123,v2,v4,1.0
123,v2,v5,0.6
123,v3,v4,1.0
123,v3,v5,0.6
123,v4,v5,0.6
124,v1,v2,0.8
124,v1,v3,0.6
124,v1,v4,0.4
124,v1,v5,0.6
124,v2,v3,0.8
124,v2,v4,0.6
124,v2,v5,0.8
124,v3,v4,0.75
124,v3,v5,1.0
124,v4,v5,0.75
125,v1,v2,1.0
125,v1,v3,0.6
125,v1,v4,1.0
125,v1,v5,0.6
125,v2,v3,0.6
125,v2,v4,1.0
125,v2,v5,0.6
125,v3,v4,0.6
125,v3,v5,1.0
125,v4,v5,0.6
126,v1,v2,0.75
126,v1,v3,0.4
126,v1,v4,0.75
126,v1,v5,0.5
126,v2,v3,0.6
126,v2,v4,0.6
126,v2,v5,0.75
126,v3,v4,0.6
126,v3,v5,0.75
126,v4,v5,0.4
127,v1,v2,0.75
127,v1,v3,1.0
127,v1,v4,1.0
127,v1,v5,1.0
127,v2,v3,0.75
127,v2,v4,0.75
127,v2,v5,0.75
127,v3,v4,1.0
127,v3,v5,1.0
127,v4,v5,1.0
128,v1,v2,1.0
128,v1,v3,0.75
128,v1,v4,0.75
128,v1,v5,0.75
128,v2,v3,0.75
128,v2,v4,0.75
128,v2,v5,0.75
128,v3,v4,1.0
128,v3,v5,1.0
128,v4,v5,1.0
129,v1,v2,0.5
129,v1,v3,0.75
129,v1,v4,0.6
129,v1,v5,0.5
129,v2,v3,0.6
129,v2,v4,0.8
129,v2,v5,1.0
129,v3,v4,0.75
129,v3,v5,0.6
129,v4,v5,0.8
130,v1,v2,0.6
130,v1,v3,0.6
130,v1,v4,0.4
130,v1,v5,0.6
130,v2,v3,1.0
130,v2,v4,0.75
130,v2,v5,1.0
130,v3,v4,0.75
130,v3,v5,1.0
130,v4,v5,0.75
131,v1,v2,1.0
131,v1,v3,0.75
131,v1,v4,0.6
131,v1,v5,1.0
131,v2,v3,0.75
131,v2,v4,0.6
131,v2,v5,1.0
131,v3,v4,0.8
131,v3,v5,0.75
131,v4,v5,0.6
132,v1,v2,0.5
132,v1,v3,0.6666666666666666
132,v1,v4,0.5
132,v1,v5,0.6666666666666666
132,v2,v3,0.75
132,v2,v4,1.0
132,v2,v5,0.75
132,v3,v4,0.75
132,v3,v5,1.0
132,v4,v5,0.75
133,v1,v2,0.5
133,v1,v3,0.25
133,v1,v4,0.5
133,v1,v5,0.4
133,v2,v3,0.25
133,v2,v4,1.0
133,v2,v5,0.75
133,v3,v4,0.25
133,v3,v5,0.5
133,v4,v5,0.75
134,v1,v2,0.6666666666666666
134,v1,v3,0.3333333333333333
134,v1,v4,1.0
134,v1,v5,1.0
134,v2,v3,0.5
134,v2,v4,0.6666666666666666
134,v2,v5,0.6666666666666666
134,v3,v4,0.3333333333333333
134,v3,v5,0.3333333333333333
134,v4,v5,1.0
135,v1,v2,0.75
135,v1,v3,0.75
135,v1,v4,0.6
135,v1,v5,0.6
135,v2,v3,1.0
135,v2,v4,0.8
135,v2,v5,0.8
135,v3,v4,0.8
135,v3,v5,0.8
135,v4,v5,1.0
136,v1,v2,1.0
136,v1,v3,0.6
136,v1,v4,1.0
136,v1,v5,0.6
136,v2,v3,0.6
136,v2,v4,1.0
136,v2,v5,0.6
136,v3,v4,0.6
136,v3,v5,1.0
136,v4,v5,0.6
137,v1,v2,1.0
137,v1,v3,0.75
137,v1,v4,0.75
137,v1,v5,1.0
137,v2,v3,0.75
137,v2,v4,0.75
137,v2,v5,1.0
137,v3,v4,1.0
137,v3,v5,0.75
137,v4,v5,0.75
138,v1,v2,1.0
138,v1,v3,0.6
138,v1,v4,0.75
138,v1,v5,0.6
138,v2,v3,0.6
138,v2,v4,0.75
138,v2,v5,0.6
138,v3,v4,0.4
138,v3,v5,0.6
138,v4,v5,0.4
139,v1,v2,0.6
139,v1,v3,1.0
139,v1,v4,0.8
139,v1,v5,0.8
139,v2,v3,0.6
139,v2,v4,0.8
139,v2,v5,0.8
139,v3,v4,0.8
139,v3,v5,0.8
139,v4,v5,1.0
140,v1,v2,0.75
140,v1,v3,0.5
140,v1,v4,0.75
140,v1,v5,0.4
140,v2,v3,0.4
140,v2,v4,1.0
140,v2,v5,0.6
140,v3,v4,0.4
140,v3,v5,0.75
140,v4,v5,0.6
141,v1,v2,0.5
141,v1,v3,1.0
141,v1,v4,0.75
141,v1,v5,0.75
141,v2,v3,0.5
141,v2,v4,0.75
141,v2,v5,0.75
141,v3,v4,0.75
141,v3,v5,0.75
141,v4,v5,1.0
142,v1,v2,0.4
142,v1,v3,0.5
142,v1,v4,0.4
142,v1,v5,0.4
142,v2,v3,0.6666666666666666
142,v2,v4,1.0
142,v2,v5,1.0
142,v3,v4,0.6666666666666666
142,v3,v5,0.6666666666666666
142,v4,v5,1.0
143,v1,v2,0.5
143,v1,v3,1.0
143,v1,v4,1.0
143,v1,v5,1.0
143,v2,v3,0.5
143,v2,v4,0.5
143,v2,v5,0.5
143,v3,v4,1.0
143,v3,v5,1.0
143,v4,v5,1.0
144,v1,v2,0.8
144,v1,v3,0.6
144,v1,v4,0.6
144,v1,v5,0.8
144,v2,v3,0.75
144,v2,v4,0.75
144,v2,v5,1.0
144,v3,v4,1.0
144,v3,v5,0.75
144,v4,v5,0.75
145,v1,v2,0.6666666666666666
145,v1,v3,0.4
145,v1,v4,0.8
145,v1,v5,0.6
145,v2,v3,0.5
145,v2,v4,0.8333333333333334
145,v2,v5,0.6666666666666666
145,v3,v4,0.6
145,v3,v5,0.75
145,v4,v5,0.8
146,v1,v2,1.0
146,v1,v3,1.0
146,v1,v4,0.8
146,v1,v5,1.0
146,v2,v3,1.0
146,v2,v4,0.8
146,v2,v5,1.0
146,v3,v4,0.8
146,v3,v5,1.0
146,v4,v5,0.8
147,v1,v2,0.4
147,v1,v3,0.75
147,v1,v4,0.6
147,v1,v5,0.4
147,v2,v3,0.5
147,v2,v4,0.75
147,v2,v5,1.0
147,v3,v4,0.75
147,v3,v5,0.5
147,v4,v5,0.75
148,v1,v2,0.6666666666666666
148,v1,v3,0.5
148,v1,v4,0.5
148,v1,v5,0.3333333333333333
148,v2,v3,0.3333333333333333
148,v2,v4,0.8333333333333334
148,v2,v5,0.6666666666666666
148,v3,v4,0.4
148,v3,v5,0.5
148,v4,v5,0.8
149,v1,v2,1.0
149,v1,v3,0.8
149,v1,v4,1.0
149,v1,v5,0.6
149,v2,v3,0.8
149,v2,v4,1.0
149,v2,v5,0.6
149,v3,v4,0.8
149,v3,v5,0.75
149,v4,v5,0.6
150,v1,v2,0.8
150,v1,v3,0.8
150,v1,v4,1.0
150,v1,v5,0.8
150,v2,v3,0.6
150,v2,v4,0.8
150,v2,v5,0.6
150,v3,v4,0.8
150,v3,v5,1.0
150,v4,v5,0.8
151,v1,v2,1.0
151,v1,v3,0.8
151,v1,v4,0.8
151,v1,v5,0.6
151,v2,v3,0.8
151,v2,v4,0.8
151,v2,v5,0.6
151,v3,v4,0.6
151,v3,v5,0.75
151,v4,v5,0.75
152,v1,v2,1.0
152,v1,v3,1.0
152,v1,v4,0.8
152,v1,v5,1.0
152,v2,v3,1.0
152,v2,v4,0.8
152,v2,v5,1.0
152,v3,v4,0.8
152,v3,v5,1.0
152,v4,v5,0.8
153,v1,v2,0.75
153,v1,v3,0.6
153,v1,v4,0.75
153,v1,v5,0.6
153,v2,v3,0.75
153,v2,v4,1.0
153,v2,v5,0.75
153,v3,v4,0.75
153,v3,v5,1.0
153,v4,v5,0.75
154,v1,v2,0.6666666666666666
154,v1,v3,1.0
154,v1,v4,0.6666666666666666
154,v1,v5,1.0
154,v2,v3,0.6666666666666666
154,v2,v4,0.3333333333333333
154,v2,v5,0.6666666666666666
154,v3,v4,0.6666666666666666
154,v3,v5,1.0
154,v4,v5,0.6666666666666666
155,v1,v2,0.5
155,v1,v3,0.6666666666666666
155,v1,v4,0.4
155,v1,v5,0.5
155,v2,v3,0.6666666666666666
155,v2,v4,0.75
155,v2,v5,1.0
155,v3,v4,0.5
155,v3,v5,0.6666666666666666
155,v4,v5,0.75
156,v1,v2,0.5
156,v1,v3,0.6666666666666666
156,v1,v4,1.0
156,v1,v5,1.0
156,v2,v3,0.6666666666666666
156,v2,v4,0.5
156,v2,v5,0.5
156,v3,v4,0.6666666666666666
156,v3,v5,0.6666666666666666
156,v4,v5,1.0
157,v1,v2,0.6666666666666666
157,v1,v3,0.75
157,v1,v4,0.6666666666666666
157,v1,v5,0.6666666666666666
157,v2,v3,0.5
157,v2,v4,1.0
157,v2,v5,1.0
157,v3,v4,0.5
157,v3,v5,0.5
157,v4,v5,1.0
158,v1,v2,1.0
158,v1,v3,0.6
158,v1,v4,0.8
158,v1,v5,0.8
158,v2,v3,0.6
158,v2,v4,0.8
158,v2,v5,0.8
158,v3,v4,0.4
158,v3,v5,0.75
158,v4,v5,0.6
159,v1,v2,0.25
159,v1,v3,0.5
159,v1,v4,0.4
159,v1,v5,0.6666666666666666
159,v2,v3,0.4
159,v2,v4,0.6
159,v2,v5,0.5
159,v3,v4,0.8
159,v3,v5,0.4
159,v4,v5,0.6
160,v1,v2,0.5
160,v1,v3,0.6666666666666666
160,v1,v4,0.6666666666666666
160,v1,v5,0.6666666666666666
160,v2,v3,0.6666666666666666
160,v2,v4,0.6666666666666666
160,v2,v5,0.6666666666666666
160,v3,v4,1.0
160,v3,v5,1.0
160,v4,v5,1.0
161,v1,v2,0.6
161,v1,v3,0.4
161,v1,v4,0.6
161,v1,v5,0.6
161,v2,v3,0.4
161,v2,v4,0.6
161,v2,v5,0.3333333333333333
161,v3,v4,0.16666666666666666
161,v3,v5,0.75
161,v4,v5,0.3333333333333333
162,v1,v2,0.6666666666666666
162,v1,v3,0.5
162,v1,v4,0.3333333333333333
162,v1,v5,0.3333333333333333
162,v2,v3,0.75
162,v2,v4,0.25
162,v2,v5,0.6666666666666666
162,v3,v4,0.5
162,v3,v5,0.5
162,v4,v5,0.3333333333333333
163,v1,v2,0.75
163,v1,v3,1.0
163,v1,v4,0.75
163,v1,v5,0.75
163,v2,v3,0.75
163,v2,v4,0.5
163,v2,v5,0.5
163,v3,v4,0.75
163,v3,v5,0.75
163,v4,v5,1.0
164,v1,v2,0.6
164,v1,v3,1.0
164,v1,v4,1.0
164,v1,v5,1.0
164,v2,v3,0.6
164,v2,v4,0.6
164,v2,v5,0.6
164,v3,v4,1.0
164,v3,v5,1.0
164,v4,v5,1.0
165,v1,v2,0.75
165,v1,v3,1.0
165,v1,v4,0.75
165,v1,v5,0.75
165,v2,v3,0.75
165,v2,v4,0.6
165,v2,v5,0.6
165,v3,v4,0.75
165,v3,v5,0.75
165,v4,v5,1.0
166,v1,v2,0.6
166,v1,v3,0.75
166,v1,v4,0.8
166,v1,v5,1.0
166,v2,v3,0.4
166,v2,v4,0.8
166,v2,v5,0.6
166,v3,v4,0.6
166,v3,v5,0.75
166,v4,v5,0.8
167,v1,v2,0.75
167,v1,v3,0.75
167,v1,v4,1.0
167,v1,v5,0.5
167,v2,v3,1.0
167,v2,v4,0.75
167,v2,v5,0.6666666666666666
167,v3,v4,0.75
167,v3,v5,0.6666666666666666
167,v4,v5,0.5
168,v1,v2,1.0
168,v1,v3,1.0
168,v1,v4,0.6666666666666666
168,v1,v5,1.0
168,v2,v3,1.0
168,v2,v4,0.6666666666666666
168,v2,v5,1.0
168,v3,v4,0.6666666666666666
168,v3,v5,1.0
168,v4,v5,0.6666666666666666
169,v1,v2,0.8
169,v1,v3,0.6
169,v1,v4,0.6
169,v1,v5,0.6
169,v2,v3,0.75
169,v2,v4,0.75
169,v2,v5,0.75
169,v3,v4,1.0
169,v3,v5,1.0
169,v4,v5,1.0
170,v1,v2,1.0
170,v1,v3,0.6
170,v1,v4,0.5
170,v1,v5,0.8
170,v2,v3,0.6
170,v2,v4,0.5
170,v2,v5,0.8
170,v3,v4,0.4
170,v3,v5,0.75
170,v4,v5,0.6
171,v1,v2,1.0
171,v1,v3,0.6666666666666666
171,v1,v4,0.6666666666666666
171,v1,v5,0.6666666666666666
171,v2,v3,0.6666666666666666
171,v2,v4,0.6666666666666666
171,v2,v5,0.6666666666666666
171,v3,v4,1.0
171,v3,v5,1.0
171,v4,v5,1.0
172,v1,v2,0.75
172,v1,v3,0.6666666666666666
172,v1,v4,0.6666666666666666
172,v1,v5,0.6666666666666666
172,v2,v3,0.5
172,v2,v4,0.5
172,v2,v5,0.5
172,v3,v4,1.0
172,v3,v5,1.0
172,v4,v5,1.0
173,v1,v2,0.4
173,v1,v3,0.75
173,v1,v4,0.75
173,v1,v5,0.3333333333333333
173,v2,v3,0.5
173,v2,v4,0.5
173,v2,v5,0.75
173,v3,v4,1.0
173,v3,v5,0.4
173,v4,v5,0.4
174,v1,v2,1.0
174,v1,v3,0.75
174,v1,v4,0.75
174,v1,v5,0.75
174,v2,v3,0.75
174,v2,v4,0.75
174,v2,v5,0.75
174,v3,v4,1.0
174,v3,v5,1.0
174,v4,v5,1.0
175,v1,v2,0.5
175,v1,v3,0.4
175,v1,v4,0.6
175,v1,v5,0.6
175,v2,v3,0.6666666666666666
175,v2,v4,0.5
175,v2,v5,0.5
175,v3,v4,0.75
175,v3,v5,0.4
175,v4,v5,0.6
176,v1,v2,0.8
176,v1,v3,0.75
176,v1,v4,0.8
176,v1,v5,0.75
176,v2,v3,0.6
176,v2,v4,1.0
176,v2,v5,0.6
176,v3,v4,0.6
176,v3,v5,1.0
176,v4,v5,0.6
177,v1,v2,1.0
177,v1,v3,0.6666666666666666
177,v1,v4,1.0
177,v1,v5,1.0
177,v2,v3,0.6666666666666666
177,v2,v4,1.0
177,v2,v5,1.0
177,v3,v4,0.6666666666666666
177,v3,v5,0.6666666666666666
177,v4,v5,1.0
178,v1,v2,0.75
178,v1,v3,0.4
178,v1,v4,0.75
178,v1,v5,0.4
178,v2,v3,0.6
178,v2,v4,1.0
178,v2,v5,0.6
178,v3,v4,0.6
178,v3,v5,0.6
178,v4,v5,0.6
179,v1,v2,0.6
179,v1,v3,0.4
179,v1,v4,0.5
179,v1,v5,0.5
179,v2,v3,0.6666666666666666
179,v2,v4,0.4
179,v2,v5,0.75
179,v3,v4,0.5
179,v3,v5,0.5
179,v4,v5,0.6
180,v1,v2,1.0
180,v1,v3,0.5
180,v1,v4,1.0
180,v1,v5,0.4
180,v2,v3,0.5
180,v2,v4,1.0
180,v2,v5,0.4
180,v3,v4,0.5
180,v3,v5,0.4
180,v4,v5,0.4
181,v1,v2,0.75
181,v1,v3,0.6666666666666666
181,v1,v4,0.5
181,v1,v5,0.75
181,v2,v3,0.5
181,v2,v4,0.75
181,v2,v5,1.0
181,v3,v4,0.6666666666666666
181,v3,v5,0.5
181,v4,v5,0.75
182,v1,v2,0.75
182,v1,v3,0.75
182,v1,v4,0.75
182,v1,v5,0.5
182,v2,v3,0.5
182,v2,v4,1.0
182,v2,v5,0.6666666666666666
182,v3,v4,0.5
182,v3,v5,0.6666666666666666
182,v4,v5,0.6666666666666666
183,v1,v2,0.75
183,v1,v3,1.0
183,v1,v4,0.75
183,v1,v5,1.0
183,v2,v3,0.75
183,v2,v4,1.0
183,v2,v5,0.75
183,v3,v4,0.75
183,v3,v5,1.0
183,v4,v5,0.75
184,v1,v2,1.0
184,v1,v3,0.6666666666666666
184,v1,v4,1.0
184,v1,v5,1.0
184,v2,v3,0.6666666666666666
184,v2,v4,1.0
184,v2,v5,1.0
184,v3,v4,0.6666666666666666
184,v3,v5,0.6666666666666666
184,v4,v5,1.0
185,v1,v2,0.3333333333333333
185,v1,v3,0.6
185,v1,v4,0.5
185,v1,v5,0.3333333333333333
185,v2,v3,0.5
185,v2,v4,0.75
185,v2,v5,1.0
185,v3,v4,0.4
185,v3,v5,0.5
185,v4,v5,0.75
186,v1,v2,0.8
186,v1,v3,0.4
186,v1,v4,0.6666666666666666
186,v1,v5,0.5
186,v2,v3,0.3333333333333333
186,v2,v4,0.8333333333333334
186,v2,v5,0.6666666666666666
186,v3,v4,0.5
186,v3,v5,0.6
186,v4,v5,0.8333333333333334
187,v1,v2,0.6666666666666666
187,v1,v3,0.5
187,v1,v4,0.3333333333333333
187,v1,v5,0.6666666666666666
187,v2,v3,0.75
187,v2,v4,0.25
187,v2,v5,1.0
187,v3,v4,0.2
187,v3,v5,0.75
187,v4,v5,0.25
188,v1,v2,0.8
188,v1,v3,0.8
188,v1,v4,0.6666666666666666
188,v1,v5,0.5
188,v2,v3,0.6
188,v2,v4,0.8
188,v2,v5,0.6
188,v3,v4,0.5
188,v3,v5,0.6
188,v4,v5,0.8
189,v1,v2,0.5
189,v1,v3,0.75
189,v1,v4,0.4
189,v1,v5,0.75
189,v2,v3,0.4
189,v2,v4,0.4
189,v2,v5,0.75
189,v3,v4,0.3333333333333333
189,v3,v5,0.6
189,v4,v5,0.6
190,v1,v2,0.6666666666666666
190,v1,v3,0.5
190,v1,v4,0.5
190,v1,v5,1.0
190,v2,v3,0.6666666666666666
190,v2,v4,0.6666666666666666
190,v2,v5,0.6666666666666666
190,v3,v4,1.0
190,v3,v5,0.5
190,v4,v5,0.5
191,v1,v2,1.0
191,v1,v3,0.75
191,v1,v4,0.75
191,v1,v5,1.0
191,v2,v3,0.75
191,v2,v4,0.75
191,v2,v5,1.0
191,v3,v4,0.6
191,v3,v5,0.75
191,v4,v5,0.75
192,v1,v2,0.8
192,v1,v3,0.75
192,v1,v4,0.5
192,v1,v5,1.0
192,v2,v3,0.6
192,v2,v4,0.4
192,v2,v5,0.8
192,v3,v4,0.6666666666666666
192,v3,v5,0.75
192,v4,v5,0.5
193,v1,v2,0.6
193,v1,v3,1.0
193,v1,v4,0.75
193,v1,v5,0.75
193,v2,v3,0.6
193,v2,v4,0.8
193,v2,v5,0.8
193,v3,v4,0.75
193,v3,v5,0.75
193,v4,v5,0.6
194,v1,v2,0.75
194,v1,v3,0.75
194,v1,v4,0.75
194,v1,v5,0.75
194,v2,v3,1.0
194,v2,v4,1.0
194,v2,v5,1.0
194,v3,v4,1.0
194,v3,v5,1.0
194,v4,v5,1.0
195,v1,v2,0.75
195,v1,v3,1.0
195,v1,v4,1.0
195,v1,v5,1.0
195,v2,v3,0.75
195,v2,v4,0.75
195,v2,v5,0.75
195,v3,v4,1.0
195,v3,v5,1.0
195,v4,v5,1.0
196,v1,v2,0.5
196,v1,v3,0.75
196,v1,v4,0.5
196,v1,v5,0.5
196,v2,v3,0.75
196,v2,v4,0.5
196,v2,v5,1.0
196,v3,v4,0.75
196,v3,v5,0.75
196,v4,v5,0.5
197,v1,v2,0.75
197,v1,v3,0.5
197,v1,v4,1.0
197,v1,v5,0.75
197,v2,v3,0.6666666666666666
197,v2,v4,0.75
197,v2,v5,1.0
197,v3,v4,0.5
197,v3,v5,0.6666666666666666
197,v4,v5,0.75
198,v1,v2,1.0
198,v1,v3,0.75
198,v1,v4,1.0
198,v1,v5,1.0
198,v2,v3,0.75
198,v2,v4,1.0
198,v2,v5,1.0
198,v3,v4,0.75
198,v3,v5,0.75
198,v4,v5,1.0
199,v1,v2,1.0
199,v1,v3,1.0
199,v1,v4,1.0
199,v1,v5,0.75
199,v2,v3,1.0
199,v2,v4,1.0
199,v2,v5,0.75
199,v3,v4,1.0
199,v3,v5,0.75
199,v4,v5,0.75
200,v1,v2,0.4
200,v1,v3,0.6666666666666666
200,v1,v4,0.4
200,v1,v5,0.5
200,v2,v3,0.5
200,v2,v4,1.0
200,v2,v5,0.75
200,v3,v4,0.5
200,v3,v5,0.6666666666666666
200,v4,v5,0.75
201,v1,v2,1.0
201,v1,v3,1.0
201,v1,v4,0.75
201,v1,v5,0.75
201,v2,v3,1.0
201,v2,v4,0.75
201,v2,v5,0.75
201,v3,v4,0.75
201,v3,v5,0.75
201,v4,v5,1.0
202,v1,v2,0.6666666666666666
202,v1,v3,0.5
202,v1,v4,0.25
202,v1,v5,0.5
202,v2,v3,0.75
202,v2,v4,0.5
202,v2,v5,0.75
202,v3,v4,0.4
202,v3,v5,0.6
202,v4,v5,0.75
203,v1,v2,0.6
203,v1,v3,0.6
203,v1,v4,0.8
203,v1,v5,0.6
203,v2,v3,1.0
203,v2,v4,0.75
203,v2,v5,1.0
203,v3,v4,0.75
203,v3,v5,1.0
203,v4,v5,0.75
204,v1,v2,0.75
204,v1,v3,0.6
204,v1,v4,0.4
204,v1,v5,0.75
204,v2,v3,0.75
204,v2,v4,0.5
204,v2,v5,1.0
204,v3,v4,0.75
204,v3,v5,0.75
204,v4,v5,0.5
205,v1,v2,1.0
205,v1,v3,0.6
205,v1,v4,1.0
205,v1,v5,0.5
205,v2,v3,0.6
205,v2,v4,1.0
205,v2,v5,0.5
205,v3,v4,0.6
205,v3,v5,0.4
205,v4,v5,0.5
206,v1,v2,1.0
206,v1,v3,0.6666666666666666
206,v1,v4,0.6666666666666666
206,v1,v5,0.6666666666666666
206,v2,v3,0.6666666666666666
206,v2,v4,0.6666666666666666
206,v2,v5,0.6666666666666666
206,v3,v4,1.0
206,v3,v5,1.0
206,v4,v5,1.0
207,v1,v2,0.75
207,v1,v3,1.0
207,v1,v4,0.75
207,v1,v5,0.6
207,v2,v3,0.75
207,v2,v4,1.0
207,v2,v5,0.75
207,v3,v4,0.75
207,v3,v5,0.6
207,v4,v5,0.75
208,v1,v2,0.5
208,v1,v3,0.75
208,v1,v4,0.5
208,v1,v5,0.75
208,v2,v3,0.6
208,v2,v4,0.6666666666666666
208,v2,v5,0.6
208,v3,v4,0.3333333333333333
208,v3,v5,1.0
208,v4,v5,0.3333333333333333
209,v1,v2,0.75
209,v1,v3,0.5
209,v1,v4,1.0
209,v1,v5,0.5
209,v2,v3,0.75
209,v2,v4,0.75
209,v2,v5,0.4
209,v3,v4,0.5
209,v3,v5,0.5
209,v4,v5,0.5
210,v1,v2,0.8333333333333334
210,v1,v3,0.6
210,v1,v4,0.8
210,v1,v5,0.4
210,v2,v3,0.5
210,v2,v4,0.6666666666666666
210,v2,v5,0.3333333333333333
210,v3,v4,0.75
210,v3,v5,0.6666666666666666
210,v4,v5,0.5
211,v1,v2,1.0
211,v1,v3,0.6
211,v1,v4,0.4
211,v1,v5,0.5
211,v2,v3,0.6
211,v2,v4,0.4
211,v2,v5,0.5
211,v3,v4,0.75
211,v3,v5,0.5
211,v4,v5,0.6666666666666666
212,v1,v2,0.8
212,v1,v3,0.6
212,v1,v4,1.0
212,v1,v5,0.6
212,v2,v3,0.5
212,v2,v4,0.8
212,v2,v5,0.5
212,v3,v4,0.6
212,v3,v5,1.0
212,v4,v5,0.6
213,v1,v2,0.6
213,v1,v3,0.8
213,v1,v4,0.6
213,v1,v5,0.6
213,v2,v3,0.75
213,v2,v4,1.0
213,v2,v5,1.0
213,v3,v4,0.75
213,v3,v5,0.75
213,v4,v5,1.0
214,v1,v2,0.6
214,v1,v3,0.6666666666666666
214,v1,v4,0.75
214,v1,v5,1.0
214,v2,v3,0.4
214,v2,v4,0.8
214,v2,v5,0.6
214,v3,v4,0.5
214,v3,v5,0.6666666666666666
214,v4,v5,0.75
215,v1,v2,0.6
215,v1,v3,0.5
215,v1,v4,0.6
215,v1,v5,0.6
215,v2,v3,0.5
215,v2,v4,1.0
215,v2,v5,1.0
215,v3,v4,0.5
215,v3,v5,0.5
215,v4,v5,1.0
216,v1,v2,1.0
216,v1,v3,0.4
216,v1,v4,1.0
216,v1,v5,0.5
216,v2,v3,0.4
216,v2,v4,1.0
216,v2,v5,0.5
216,v3,v4,0.4
216,v3,v5,0.75
216,v4,v5,0.5
217,v1,v2,0.6
217,v1,v3,0.6
217,v1,v4,0.6
217,v1,v5,0.6
217,v2,v3,0.6
217,v2,v4,0.6
217,v2,v5,0.6
217,v3,v4,1.0
217,v3,v5,1.0
217,v4,v5,1.0
218,v1,v2,0.6
218,v1,v3,0.8
218,v1,v4,0.6
218,v1,v5,0.6666666666666666
218,v2,v3,0.75
218,v2,v4,1.0
218,v2,v5,0.6
218,v3,v4,0.75
218,v3,v5,0.8
218,v4,v5,0.6
219,v1,v2,0.6666666666666666
219,v1,v3,0.5
219,v1,v4,0.6666666666666666
219,v1,v5,0.6666666666666666
219,v2,v3,0.6666666666666666
219,v2,v4,1.0
219,v2,v5,1.0
219,v3,v4,0.6666666666666666
219,v3,v5,0.6666666666666666
219,v4,v5,1.0
220,v1,v2,1.0
220,v1,v3,0.75
220,v1,v4,0.75
220,v1,v5,1.0
220,v2,v3,0.75
220,v2,v4,0.75
220,v2,v5,1.0
220,v3,v4,0.5
220,v3,v5,0.75
220,v4,v5,0.75
221,v1,v2,0.8
221,v1,v3,0.75
221,v1,v4,0.5
221,v1,v5,0.5
221,v2,v3,0.6
221,v2,v4,0.6666666666666666
221,v2,v5,0.6666666666666666
221,v3,v4,0.3333333333333333
221,v3,v5,0.6
221,v4,v5,0.6666666666666666
222,v1,v2,0.6
222,v1,v3,0.6
222,v1,v4,1.0
222,v1,v5,0.75
222,v2,v3,0.6
222,v2,v4,0.6
222,v2,v5,0.75
222,v3,v4,0.6
222,v3,v5,0.75
222,v4,v5,0.75
223,v1,v2,0.6666666666666666
223,v1,v3,0.8
223,v1,v4,0.8333333333333334
223,v1,v5,0.8
223,v2,v3,0.8
223,v2,v4,0.8333333333333334
223,v2,v5,0.8
223,v3,v4,0.6666666666666666
223,v3,v5,1.0
223,v4,v5,0.6666666666666666
224,v1,v2,0.8
224,v1,v3,0.6
224,v1,v4,0.8
224,v1,v5,0.8
224,v2,v3,0.4
224,v2,v4,0.6
224,v2,v5,0.6
224,v3,v4,0.75
224,v3,v5,0.75
224,v4,v5,1.0
225,v1,v2,1.0
225,v1,v3,1.0
225,v1,v4,0.6666666666666666
225,v1,v5,1.0
225,v2,v3,1.0
225,v2,v4,0.6666666666666666
225,v2,v5,1.0
225,v3,v4,0.6666666666666666
225,v3,v5,1.0
225,v4,v5,0.6666666666666666
226,v1,v2,1.0
226,v1,v3,1.0
226,v1,v4,0.6
226,v1,v5,0.75
226,v2,v3,1.0
226,v2,v4,0.6
226,v2,v5,0.75
226,v3,v4,0.6
226,v3,v5,0.75
226,v4,v5,0.4
227,v1,v2,0.75
227,v1,v3,0.5
227,v1,v4,0.8
227,v1,v5,0.75
227,v2,v3,0.6666666666666666
227,v2,v4,0.6
227,v2,v5,0.5
227,v3,v4,0.4
227,v3,v5,0.6666666666666666
227,v4,v5,0.6
228,v1,v2,0.6
228,v1,v3,0.6
228,v1,v4,0.5
228,v1,v5,0.5
228,v2,v3,1.0
228,v2,v4,0.75
228,v2,v5,0.75
228,v3,v4,0.75
228,v3,v5,0.75
228,v4,v5,1.0
229,v1,v2,1.0
229,v1,v3,1.0
229,v1,v4,0.75
229,v1,v5,1.0
229,v2,v3,1.0
229,v2,v4,0.75
229,v2,v5,1.0
229,v3,v4,0.75
229,v3,v5,1.0
229,v4,v5,0.75
230,v1,v2,0.6
230,v1,v3,0.6
230,v1,v4,0.6
230,v1,v5,0.5
230,v2,v3,1.0
230,v2,v4,0.6
230,v2,v5,0.5
230,v3,v4,0.6
230,v3,v5,0.5
230,v4,v5,0.5
231,v1,v2,0.8
231,v1,v3,0.6
231,v1,v4,0.8
231,v1,v5,0.8
231,v2,v3,0.4
231,v2,v4,0.6
231,v2,v5,0.6
231,v3,v4,0.75
231,v3,v5,0.75
231,v4,v5,0.6
232,v1,v2,1.0
232,v1,v3,0.4
232,v1,v4,0.75
232,v1,v5,0.4
232,v2,v3,0.4
232,v2,v4,0.75
232,v2,v5,0.4
232,v3,v4,0.2
232,v3,v5,0.5
232,v4,v5,0.5
233,v1,v2,0.5
233,v1,v3,1.0
233,v1,v4,0.75
233,v1,v5,0.5
233,v2,v3,0.5
233,v2,v4,0.75
233,v2,v5,0.5
233,v3,v4,0.75
233,v3,v5,0.5
233,v4,v5,0.75
234,v1,v2,1.0
234,v1,v3,0.75
234,v1,v4,0.75
234,v1,v5,1.0
234,v2,v3,0.75
234,v2,v4,0.75
234,v2,v5,1.0
234,v3,v4,1.0
234,v3,v5,0.75
234,v4,v5,0.75
235,v1,v2,1.0
235,v1,v3,0.6
235,v1,v4,0.75
235,v1,v5,0.4
235,v2,v3,0.6
235,v2,v4,0.75
235,v2,v5,0.4
235,v3,v4,0.4
235,v3,v5,0.75
235,v4,v5,0.5
236,v1,v2,0.8
236,v1,v3,0.6
236,v1,v4,0.75
236,v1,v5,0.4
236,v2,v3,0.8
236,v2,v4,0.6
236,v2,v5,0.6
236,v3,v4,0.4
236,v3,v5,0.75
236,v4,v5,0.5
237,v1,v2,0.6666666666666666
237,v1,v3,0.4
237,v1,v4,0.6
237,v1,v5,0.4
237,v2,v3,0.5
237,v2,v4,0.6666666666666666
237,v2,v5,0.5
237,v3,v4,0.4
237,v3,v5,0.5
237,v4,v5,0.75
238,v1,v2,0.4
238,v1,v3,0.5
238,v1,v4,1.0
238,v1,v5,0.5
238,v2,v3,0.4
238,v2,v4,0.4
238,v2,v5,0.4
238,v3,v4,0.5
238,v3,v5,1.0
238,v4,v5,0.5
239,v1,v2,1.0
239,v1,v3,0.75
239,v1,v4,0.5
239,v1,v5,1.0
239,v2,v3,0.75
239,v2,v4,0.5
239,v2,v5,1.0
239,v3,v4,0.6666666666666666
239,v3,v5,0.75
239,v4,v5,0.5
240,v1,v2,0.5
240,v1,v3,0.5
240,v1,v4,0.5
240,v1,v5,0.5
240,v2,v3,0.6
240,v2,v4,1.0
240,v2,v5,1.0
240,v3,v4,0.6
240,v3,v5,0.6
240,v4,v5,1.0
241,v1,v2,0.75
241,v1,v3,0.75
241,v1,v4,0.75
241,v1,v5,0.5
241,v2,v3,1.0
241,v2,v4,0.5
241,v2,v5,0.6666666666666666
241,v3,v4,0.5
241,v3,v5,0.6666666666666666
241,v4,v5,0.6666666666666666
242,v1,v2,1.0
242,v1,v3,0.6
242,v1,v4,0.8
242,v1,v5,0.8
242,v2,v3,0.6
242,v2,v4,0.8
242,v2,v5,0.8
242,v3,v4,0.4
242,v3,v5,0.75
242,v4,v5,0.6
243,v1,v2,0.6666666666666666
243,v1,v3,1.0
243,v1,v4,1.0
243,v1,v5,1.0
243,v2,v3,0.6666666666666666
243,v2,v4,0.6666666666666666
243,v2,v5,0.6666666666666666
243,v3,v4,1.0
243,v3,v5,1.0
243,v4,v5,1.0
244,v1,v2,0.75
244,v1,v3,0.75
244,v1,v4,0.5
244,v1,v5,0.5
244,v2,v3,0.6
244,v2,v4,0.75
244,v2,v5,0.75
244,v3,v4,0.4
244,v3,v5,0.4
244,v4,v5,1.0
245,v1,v2,1.0
245,v1,v3,0.75
245,v1,v4,0.75
245,v1,v5,1.0
245,v2,v3,0.75
245,v2,v4,0.75
245,v2,v5,1.0
245,v3,v4,1.0
245,v3,v5,0.75
245,v4,v5,0.75
246,v1,v2,1.0
246,v1,v3,0.6
246,v1,v4,0.75
246,v1,v5,0.4
246,v2,v3,0.6
246,v2,v4,0.75
246,v2,v5,0.4
246,v3,v4,0.4
246,v3,v5,0.75
246,v4,v5,0.5
247,v1,v2,0.8
247,v1,v3,0.8
247,v1,v4,1.0
247,v1,v5,0.6
247,v2,v3,0.6
247,v2,v4,0.8
247,v2,v5,0.75
247,v3,v4,0.8
247,v3,v5,0.75
247,v4,v5,0.6
248,v1,v2,1.0
248,v1,v3,1.0
248,v1,v4,1.0
248,v1,v5,0.75
248,v2,v3,1.0
248,v2,v4,1.0
248,v2,v5,0.75
248,v3,v4,1.0
248,v3,v5,0.75
248,v4,v5,0.75
249,v1,v2,0.75
249,v1,v3,0.75
249,v1,v4,0.6
249,v1,v5,0.75
249,v2,v3,1.0
249,v2,v4,0.75
249,v2,v5,1.0
249,v3,v4,0.75
249,v3,v5,1.0
249,v4,v5,0.75
250,v1,v2,0.8
250,v1,v3,1.0
250,v1,v4,1.0
250,v1,v5,1.0
250,v2,v3,0.8
250,v2,v4,0.8
250,v2,v5,0.8
250,v3,v4,1.0
250,v3,v5,1.0
250,v4,v5,1.0
251,v1,v2,1.0
251,v1,v3,1.0
251,v1,v4,1.0
251,v1,v5,1.0
251,v2,v3,1.0
251,v2,v4,1.0
251,v2,v5,1.0
251,v3,v4,1.0
251,v3,v5,1.0
251,v4,v5,1.0
252,v1,v2,0.5
252,v1,v3,0.75
252,v1,v4,1.0
252,v1,v5,1.0
252,v2,v3,0.4
252,v2,v4,0.5
252,v2,v5,0.5
252,v3,v4,0.75
252,v3,v5,0.75
252,v4,v5,1.0
253,v1,v2,0.8
253,v1,v3,0.4
253,v1,v4,1.0
253,v1,v5,0.75
253,v2,v3,0.6
253,v2,v4,0.8
253,v2,v5,0.6
253,v3,v4,0.4
253,v3,v5,0.5
253,v4,v5,0.75
254,v1,v2,1.0
254,v1,v3,0.8
254,v1,v4,0.6
254,v1,v5,0.8
254,v2,v3,0.8
254,v2,v4,0.6
254,v2,v5,0.8
254,v3,v4,0.75
254,v3,v5,1.0
254,v4,v5,0.75
255,v1,v2,0.5
255,v1,v3,1.0
255,v1,v4,0.6666666666666666
255,v1,v5,0.3333333333333333
255,v2,v3,0.5
255,v2,v4,0.25
255,v2,v5,0.3333333333333333
255,v3,v4,0.6666666666666666
255,v3,v5,0.3333333333333333
255,v4,v5,0.5
256,v1,v2,0.6666666666666666
256,v1,v3,0.6666666666666666
256,v1,v4,0.6666666666666666
256,v1,v5,1.0
256,v2,v3,0.5
256,v2,v4,0.5
256,v2,v5,0.6666666666666666
256,v3,v4,0.5
256,v3,v5,0.6666666666666666
256,v4,v5,0.6666666666666666
257,v1,v2,0.5
257,v1,v3,0.75
257,v1,v4,0.75
257,v1,v5,1.0
257,v2,v3,0.6666666666666666
257,v2,v4,0.6666666666666666
257,v2,v5,0.5
257,v3,v4,0.5
257,v3,v5,0.75
257,v4,v5,0.75
258,v1,v2,0.6666666666666666
258,v1,v3,0.6666666666666666
258,v1,v4,0.3333333333333333
258,v1,v5,0.6666666666666666
258,v2,v3,1.0
258,v2,v4,0.6666666666666666
258,v2,v5,0.5
258,v3,v4,0.6666666666666666
258,v3,v5,0.5
258,v4,v5,0.25
259,v1,v2,0.4
259,v1,v3,0.6
259,v1,v4,0.6
259,v1,v5,0.6
259,v2,v3,0.4
259,v2,v4,0.4
259,v2,v5,0.4
259,v3,v4,1.0
259,v3,v5,1.0
259,v4,v5,1.0
260,v1,v2,0.75
260,v1,v3,1.0
260,v1,v4,0.8
260,v1,v5,0.2
260,v2,v3,0.75
260,v2,v4,0.6
260,v2,v5,0.25
260,v3,v4,0.8
260,v3,v5,0.2
260,v4,v5,0.4
261,v1,v2,0.6666666666666666
261,v1,v3,0.5
261,v1,v4,0.75
261,v1,v5,0.6666666666666666
261,v2,v3,0.6666666666666666
261,v2,v4,0.5
261,v2,v5,1.0
261,v3,v4,0.75
261,v3,v5,0.6666666666666666
261,v4,v5,0.5
262,v1,v2,0.6666666666666666
262,v1,v3,1.0
262,v1,v4,0.6666666666666666
262,v1,v5,0.75
262,v2,v3,0.6666666666666666
262,v2,v4,0.3333333333333333
262,v2,v5,0.5
262,v3,v4,0.6666666666666666
262,v3,v5,0.75
262,v4,v5,0.5
263,v1,v2,0.5
263,v1,v3,1.0
263,v1,v4,1.0
263,v1,v5,1.0
263,v2,v3,0.5
263,v2,v4,0.5
263,v2,v5,0.5
263,v3,v4,1.0
263,v3,v5,1.0
263,v4,v5,1.0
264,v1,v2,1.0
264,v1,v3,1.0
264,v1,v4,0.75
264,v1,v5,0.75
264,v2,v3,1.0
264,v2,v4,0.75
264,v2,v5,0.75
264,v3,v4,0.75
264,v3,v5,0.75
264,v4,v5,0.6
265,v1,v2,0.75
265,v1,v3,0.5
265,v1,v4,0.75
265,v1,v5,1.0
265,v2,v3,0.75
265,v2,v4,1.0
265,v2,v5,0.75
265,v3,v4,0.75
265,v3,v5,0.5
265,v4,v5,0.75
266,v1,v2,0.8
266,v1,v3,0.4
266,v1,v4,0.75
266,v1,v5,0.4
266,v2,v3,0.6
266,v2,v4,0.6
266,v2,v5,0.6
266,v3,v4,0.5
266,v3,v5,1.0
266,v4,v5,0.5
267,v1,v2,1.0
267,v1,v3,0.75
267,v1,v4,1.0
267,v1,v5,1.0
267,v2,v3,0.75
267,v2,v4,1.0
267,v2,v5,1.0
267,v3,v4,0.75
267,v3,v5,0.75
267,v4,v5,1.0
268,v1,v2,1.0
268,v1,v3,0.6
268,v1,v4,0.8
268,v1,v5,0.6
268,v2,v3,0.6
268,v2,v4,0.8
268,v2,v5,0.6
268,v3,v4,0.4
268,v3,v5,0.5
268,v4,v5,0.75
269,v1,v2,0.8
269,v1,v3,0.4
269,v1,v4,0.6
269,v1,v5,0.8
269,v2,v3,0.5
269,v2,v4,0.4
269,v2,v5,0.6
269,v3,v4,0.6666666666666666
269,v3,v5,0.5
269,v4,v5,0.75
270,v1,v2,0.8
270,v1,v3,0.8
270,v1,v4,0.8
270,v1,v5,0.6
270,v2,v3,1.0
270,v2,v4,0.6
270,v2,v5,0.75
270,v3,v4,0.6
270,v3,v5,0.75
270,v4,v5,0.75
271,v1,v2,0.8
271,v1,v4,0.8
271,v1,v5,0.6
271,v2,v4,0.6
271,v2,v5,0.4
271,v4,v5,0.4
272,v1,v2,0.6666666666666666
272,v1,v3,0.3333333333333333
272,v1,v4,0.5
272,v1,v5,0.0
272,v2,v3,0.25
272,v2,v4,0.75
272,v2,v5,0.2
272,v3,v4,0.5
272,v3,v5,0.25
272,v4,v5,0.4
273,v1,v2,0.6666666666666666
273,v1,v3,1.0
273,v1,v4,1.0
273,v1,v5,1.0
273,v2,v3,0.6666666666666666
273,v2,v4,0.6666666666666666
273,v2,v5,0.6666666666666666
273,v3,v4,1.0
273,v3,v5,1.0
273,v4,v5,1.0
274,v1,v2,0.6666666666666666
274,v1,v3,0.4
274,v1,v4,0.5
274,v1,v5,0.5
274,v2,v3,0.5
274,v2,v4,0.8333333333333334
274,v2,v5,0.8333333333333334
274,v3,v4,0.6
274,v3,v5,0.6
274,v4,v5,1.0
275,v1,v2,1.0
275,v1,v3,0.6
275,v1,v4,0.6
275,v1,v5,0.6
275,v2,v3,0.6
275,v2,v4,0.6
275,v2,v5,0.6
275,v3,v4,0.5
275,v3,v5,1.0
275,v4,v5,0.5
276,v1,v2,0.8
276,v1,v3,0.6
276,v1,v4,0.8
276,v1,v5,0.5
276,v2,v3,0.4
276,v2,v4,0.6
276,v2,v5,0.6
276,v3,v4,0.75
276,v3,v5,0.4
276,v4,v5,0.6
277,v1,v2,0.6
277,v1,v3,0.4
277,v1,v4,0.6
277,v1,v5,0.6666666666666666
277,v2,v3,0.6666666666666666
277,v2,v4,1.0
277,v2,v5,0.6
277,v3,v4,0.6666666666666666
277,v3,v5,0.4
277,v4,v5,0.6
278,v1,v2,1.0
278,v1,v3,1.0
278,v1,v4,0.5
278,v1,v5,0.5
278,v2,v3,1.0
278,v2,v4,0.5
278,v2,v5,0.5
278,v3,v4,0.5
278,v3,v5,0.5
278,v4,v5,1.0
279,v1,v2,0.8
279,v1,v3,0.4
279,v1,v4,0.6
279,v1,v5,0.8
279,v2,v3,0.5
279,v2,v4,0.75
279,v2,v5,0.6
279,v3,v4,0.6666666666666666
279,v3,v5,0.5
279,v4,v5,0.75
